🦁なち🌱,38.4,36.5,40.2,254.9,76.9
ゆーみん🌱,443.6,79.6,84.7,522.8,227.5
🦁さぼてん,299.5,29.2,36.6,32.5,46.3
🦁梓,84,181,104,151,423
🦁尊琉🌱,136,48,104,198,73
🦁獅子丸✾,54,54,90,39,170
🦁櫻稔🌱,328,28,151,37,68
💛キキ宮,277,43,189,99,61
夏堀,98,128,74,41,232
🦁りり☻໊,137,51,41,202,61
まっちゃん,160,35,36,90,183
☻໊らく🍮,73,39,35,196,43
🦁そらっち,114,28,41,56,71
🦁徹子🌱,52,35,18,14,250
🦁ゆい🍮,33,19,28,83,87
まめ🫧🌱,166,28,31,23,31
🦁けん🌱,156,33,17,18,40
🦁べに🌱,100,18,25,22,28
🍵nana🦁,34,12,27,90,19
☻໊断捨離,29,11,23,20,99
🦁神威🐉,60,13,32,26,35
福🌱,18,8,100,12,12
🦁高菜🌱,68,11,16,18,25
🌱目黒🦁,42,13,36,18,17
🦁獅まゆ✾,95,14,13,11,24
🦁芹香🌱,27,19,29,16,33
🦁茶木🌱,54,9,15,12,25
🦁ちな🌱,18,13,11,11,80
🦁得能🌱,23,15,14,19,25
🦁まゆ💜,25,18,16,17,32
ぽん❥ちゃん,27,13,18,15,15
朧月🌕花琳,34,9,8,13,10
オラフ🌱,12,8,10,10,13
一日一善,19,7,7,7,7
