商会員名,士,農,工,商,侠
元栄恭加,23.9,9.6,11.6,24.5,15.7
ませ,145.3,46.6,290.9,50.6,78.1
🩲おにく,240.7,66.7,59.4,205.4,56.33
🏯🤍❤️,344.1,275.4,182.6,415.6,500.5
いもこ🍠,154.8,405.4,181,389.3,106.1
中所孔明,148.6,202.6,152.8,413.2,157.6
👺萌🩲兄,289.2,154.3,119.2,177.5,485.5
🍠おしみ,323.7,43.69,116.9,47.23,45.04
改發貢茶,50.51,39.24,267.8,58.82,30.2
🩲郷山翔,184.5,24.01,29.77,23.84,195.9
友政宏友,123,32.85,84.58,77.02,45.08
🎒ラン👙,84.8,34.8,100.3,38,25.2
🍠辰じーじ,52.3,28.4,25.6,122.6,34.2
ゆきみ🍓,39.9,19.1,155.6,26.3,31.1
復活の野切,36.4,68.5,36.4,42.6,109.3
らおう🩲,25.4,57.1,19,30,132.2
🩲おやさい,30,25.7,104.5,53.5,21.1
🦊うどん,35.7,21.2,152.7,19.3,16.2
🩲麦ちゃ☆,97.6,39.8,27.7,25.6,40.4
🐥本妻🐥,91.5,21.9,28.1,28,28.1
いももち🍠,34.9,27.4,29.8,29.3,29.2
びじりん🍑,50,25.1,27.1,28.7,30
月星🍑,22.6,46.1,17.2,13,21.9
🩲にゃーす,20.6,30.6,14.7,8.6,50.2
もこ🦍🍠,61.8,12.9,15.2,7.9,12
夏堀🩲みい,18.3,20.5,16.8,11.7,34.3
🍠超光🌕,10.1,22.6,9.5,11.7,16.3
🍠綾華🩲,23,9.3,14.2,13.1,13.5
彩浜🐼,15.7,8.1,12.6,9.1,42.4
摩文仁七彩,17.7,9.3,10.9,9.4,12.8
一杉淳,12.1,8.3,16.9,11.4,10.9
番匠智治,17.9,8.9,8.3,9.3,8.7
珍玉🩲金子,3.8,2.5,3.4,8,14
🎒人参👙,3.3,0.5,1,1,0.6
